<?xml version="1.0" encoding="UTF-8"?>
<!DOCTYPE mapper PUBLIC "-//mybatis.org//DTD Mapper 3.0//EN" 
    "http://mybatis.org/dtd/mybatis-3-mapper.dtd">
<mapper namespace="com.pcwk.ehr.reply.mapper.ReplyMapper">
  
  <!-- 댓글 목록 조회: 회원 조인 없이, REG_ID 컬럼을 그대로 닉네임으로 사용 -->
  <select id="getReply" parameterType="BoardVO" resultType="com.pcwk.ehr.reply.domain.ReplyVO">
    SELECT
        r.reply_id      as replyId,
        r.board_id      as boardId,
        r.reg_id        as regId,
        r.reg_id        as nickname,
        r.reply_content as replyContent,
        r.reg_date      as regDt,
        r.mod_date      as modDt
    FROM
        reply r
    WHERE
        r.board_id = #{boardId}
    ORDER BY
        r.reg_date DESC
  </select>
   
  	<insert id="doSave" parameterType="com.pcwk.ehr.reply.domain.ReplyVO">
	    INSERT INTO reply (
	        reply_id,
	        board_id,
	        reg_id,
	        reply_content
	    ) VALUES (
	        REPLY_SEQ.NEXTVAL,
	        #{boardId, jdbcType=NUMERIC},
	        NVL(#{nickname, jdbcType=VARCHAR}, ''),
	        #{replyContent, jdbcType=CLOB}
	    )
	</insert>
	
  <delete id="doDelete" parameterType="com.pcwk.ehr.reply.domain.ReplyVO">
    DELETE FROM reply
    WHERE reply_id = #{replyId}
  </delete>
	
  <update id="doUpdate" parameterType="com.pcwk.ehr.reply.domain.ReplyVO">
    UPDATE reply
    SET
        reply_content = #{replyContent},
        mod_date      = SYSDATE
    WHERE reply_id = #{replyId}
  </update>
  
</mapper>
