<?xml version="1.0" encoding="UTF-8"?>
<!DOCTYPE mapper PUBLIC "-//mybatis.org//DTD Mapper 3.0//EN"
        "http://mybatis.org/dtd/mybatis-3-mapper.dtd">
<mapper
	namespace="com.pcwk.ehr.disastermessage.mapper.DisasterMessageMapper">

	<!-- resultMap 정의 -->
	<resultMap id="searchVOResultMap"
		type="com.pcwk.ehr.cmn.SearchVO">
		<result property="searchDiv" column="searchDiv" />
		<result property="searchWord" column="searchWord" />
	</resultMap>

	<!-- getTotalCount 쿼리 -->
	<select id="getTotalCount"
		parameterType="com.pcwk.ehr.cmn.SearchVO">
		SELECT COUNT(*)
		FROM DISASTER_MESSAGE
		WHERE 1 = 1
		<if test="searchDiv == 10">
			AND DIS_MES_AREA IN (SELECT user_id FROM DISASTER_MESSAGE
			WHERE
			DIS_MES_NUM LIKE '%' || #{searchWord} || '%')
		</if>
		<if test="searchDiv == 20">
			AND DIS_MES_AREA LIKE '%' || #{searchWord} || '%'
		</if>
		<if test="searchDiv == 30">
			AND DIS_MES_AREA LIKE '%' || #{searchWord} || '%'
		</if>
	</select>

	<!-- 검색 조건을 공통으로 처리하는 SQL -->
	<sql id="doRetrieveWhere">
		<if test="'' != searchDiv">
			<choose>
				<!--<when test="10 == searchDiv"> WHERE title LIKE #{searchWord} || '%' 
					</when> -->
				<when test="20 == searchDiv">
					WHERE REGEXP_SUBSTR(DIS_MES_AREA, '[^,]+', 1) LIKE
					'%' || #{searchWord}
					|| '%'
				</when>
				<when test="30 == searchDiv">
					WHERE DIS_MES_TYPE LIKE '%' || #{searchWord} || '%'
				</when>
			</choose>
		</if>
	</sql>

	<select id="getDisMes">
		SELECT A.*, B.totalCnt
		FROM (
		SELECT DIS_MES_NUM, DIS_MES_DT,
		CASE
		WHEN
		LENGTH(DIS_MES_CON) > 35 THEN SUBSTR(DIS_MES_CON, 1, 35) || '...'
		ELSE
		DIS_MES_CON
		END AS DIS_MES_CON,
		REGEXP_SUBSTR(DIS_MES_AREA, '[^,]+', 1)
		AS DIS_MES_AREA,
		DIS_MES_LEVEL, DIS_MES_TYPE,
		CASE
		WHEN DIS_MES_CREATE_DT
		LIKE '%/%' THEN
		TO_CHAR(TO_TIMESTAMP(DIS_MES_CREATE_DT, 'YYYY/MM/DD
		HH24:MI:SS.FF'),
		'YYYY-MM-DD')
		ELSE TO_CHAR(TO_DATE(DIS_MES_CREATE_DT,
		'YYYY-MM-DD'), 'YYYY-MM-DD')
		END AS DIS_MES_CREATE_DT,
		DIS_MES_UPDATED_DT
		FROM (
		SELECT rownum rnum, t1.*
		FROM (
		SELECT *
		FROM
		DISASTER_MESSAGE
		<include refid="doRetrieveWhere" />
		ORDER BY DIS_MES_CREATE_DT DESC
		) t1
		WHERE (#{pageNo} * (#{pageSize} -
		1) + #{pageNo}) >= ROWNUM
		) tt1
		WHERE rnum >= (#{pageSize} * (#{pageNo}
		- 1) + 1)
		) A
		CROSS JOIN (
		SELECT COUNT(*) totalCnt
		FROM DISASTER_MESSAGE
		<include refid="doRetrieveWhere" />
		) B
		ORDER BY DIS_MES_DT DESC
	</select>

	<select id="getDisMesDetail">
		SELECT
		REGEXP_SUBSTR(DIS_MES_AREA, '[^,]+', 1) AS
		DIS_MES_AREA,
		DIS_MES_TYPE,
		DIS_MES_CON
		FROM DISASTER_MESSAGE
		WHERE
		DIS_MES_NUM = #{disMesNum}
	</select>

	<select id="safetyIndex">
		SELECT COUNT(*)*1000 AS totalCnt
		FROM DISASTER_MESSAGE
		WHERE DIS_MES_AREA LIKE '%' || #{searchWord} || '%'
		AND
		TO_TIMESTAMP(DIS_MES_DT, 'YYYY/MM/DD HH24:MI:SS.FF') >= SYSTIMESTAMP
		-
		INTERVAL '99' DAY - INTERVAL '99' DAY - INTERVAL '99' DAY - INTERVAL
		'68' DAY
	</select>

	<select id="safetyIndex_EWSF">
		SELECT PUMP_TON_
		FROM EWSF
		WHERE SGG LIKE '%' ||
		#{searchWord} || '%'
	</select>

	<select id="item_count">
		SELECT
		COUNT(CASE WHEN DIS_MES_TYPE LIKE '%' || '먼지'
		|| '%' THEN 1 END) AS dust_count,
		COUNT(CASE WHEN DIS_MES_TYPE LIKE '%'
		|| '폭염' || '%' THEN 1 END) AS
		heat_wave_count,
		COUNT(CASE WHEN
		DIS_MES_TYPE LIKE '%' || '호우' || '%' THEN 1 END) AS
		heavy_rain_count,
		COUNT(CASE WHEN DIS_MES_TYPE LIKE '%' || '한파' || '%' THEN 1 END) AS
		cold_wave_count,
		COUNT(CASE WHEN DIS_MES_TYPE LIKE '%' || '대설' || '%'
		THEN 1 END) AS
		heavy_snow_count,
		COUNT(CASE WHEN DIS_MES_TYPE LIKE '%'
		|| '산불' || '%' THEN 1 END) AS
		wildfire_count,
		COUNT(CASE WHEN
		DIS_MES_TYPE LIKE '%' || '풍랑' || '%' THEN 1 END) AS storm_count,
		COUNT(CASE WHEN DIS_MES_TYPE LIKE '%' || '전염병' || '%' THEN 1 END) AS
		epidemic_count,
		COUNT(CASE WHEN DIS_MES_TYPE LIKE '%' || '산사태' || '%'
		THEN 1 END) AS
		landslide_count
		FROM DISASTER_MESSAGE
		WHERE DIS_MES_AREA
		LIKE '%' || #{searchWord} || '%'
		AND TO_TIMESTAMP(DIS_MES_DT,
		'YYYY/MM/DD HH24:MI:SS.FF') >= SYSTIMESTAMP
		- INTERVAL '99' DAY -
		INTERVAL '99' DAY - INTERVAL '99' DAY - INTERVAL
		'68' DAY
	</select>

	<select id="getLatestFiveDisasterMessageForSeoul">
		SELECT d1.*
		FROM (
		SELECT
		dis_mes_num,
		dis_mes_dt,
		dis_mes_con,
		dis_mes_area,
		dis_mes_level,
		dis_mes_type,
		dis_mes_create_dt,
		dis_mes_updated_dt
		FROM
		disaster_message
		WHERE dis_mes_area LIKE '%서울%'
		ORDER BY dis_mes_dt DESC
		) d1
		WHERE ROWNUM <![CDATA[<]]> 6
	</select>
</mapper>

